--
-- Dumping data for table `address`
--

INSERT INTO `address` (`id`, `address`, `city`) VALUES
(2, 'Королева, 1', 'Звездный городок'),
(3, 'Медресе, 1', 'Бухара'),
(4, 'Ломоносова, 1', 'Москва'),
(5, 'Bodybuilder street, 1', 'San-Francisco'),
(6, 'Brixston road, 2', 'London'),
(7, 'Emc2 street', 'Принстон, Нью-Джерси'),
(8, 'Darvin street', 'Кембридж'),
(9, 'White house', 'Washigton, DC'),
(10, 'Юрта, 01', 'Монгольская степь'),
(11, 'Нотрдам', 'Париж'),
(12, 'Великая улица, 1', 'Александрия'),
(13, 'Масджид ан-Набави', 'Мекка');


--
-- Dumping data for table `company`
--

INSERT INTO `company` (`id`, `name`) VALUES
(2, 'Космос'),
(3, 'ООО Медицина Мавераннахра'),
(4, 'Хим. лаборатория'),
(5, 'Goverment'),
(6, 'Кембриджский университет'),
(7, 'Институт фундаментальных исследований'),
(8, 'Королевское географическое общество'),
(9, 'Goverment'),
(10, 'Монгольская империя'),
(11, 'Французкая империя'),
(12, 'Греческая империя'),
(13, 'Арабский халифат');


--
-- Dumping data for table `person`
--

INSERT INTO `person` (`id`, `first_name`, `last_name`, `id_company`, `phone`, `email`, `birth_date`, `id_address`) VALUES
(2, 'Юрий', 'Гагарин', 2, '+79781111111', 'yuri.gagarin@gmail.com', '1950-09-30', 2),
(3, 'Абу Али', 'ибн Сина', 3, '+79782222222', 'avicenna@gmail.com', '1750-05-31', 3),
(4, 'Ломоносов', 'Михаил', 4, '+79783333333', 'mikhail.lomonosov@gmail.com', '1650-01-31', 4),
(5, 'Арнольд', 'Шварцнеггер', 5, '+79784444444', 'bodybuilder@gmail.com', '1965-07-31', 5),
(6, 'Исаак', 'Ньютон', 6, '+79785555555', 'power@gmail.com', '1500-10-31', 6),
(7, 'Альберт', 'Эйнштейн', 7, '+79786666666', 'emc2@gmail.com', '1900-02-28', 7),
(8, 'Чарлз', 'Дарвин', 8, '+79787777777', 'darvin@gmail.com', '1890-11-09', 8),
(9, 'Джордж', 'Вашингтон', 9, '+79788888888', 'president@gmail.com', '1790-05-24', 9),
(10, 'Чингиз', 'Хан', 10, '+79789999999', 'xan@gmail.com', '1500-04-04', 10),
(11, 'Бонапарт', 'Наполеон', 11, '+79780000000', 'napoleon@gmail.com', '1800-11-29', 11),
(12, 'Александр', 'Македонский', 12, '+79780101010', 'greece@gmail.com', '1300-11-13', 12),
(13, 'Умар', 'ибн аль-Хаттаб', 13, '+79780202020', 'hattab@gmail.com', '1500-11-02', 13);

